stormID,name,numPositions,year,month_formed
AL011851,UNNAMED,14,1851,6
AL021851,UNNAMED,1,1851,7
AL031851,UNNAMED,1,1851,7
AL041851,UNNAMED,49,1851,8
AL051851,UNNAMED,16,1851,9
AL061851,UNNAMED,17,1851,10
AL011852,UNNAMED,45,1852,8
AL021852,UNNAMED,8,1852,9
AL031852,UNNAMED,20,1852,9
AL041852,UNNAMED,36,1852,9
AL051852,UNNAMED,25,1852,10
AL011853,UNNAMED,1,1853,8
AL021853,UNNAMED,1,1853,8
AL031853,UNNAMED,48,1853,8
AL041853,UNNAMED,12,1853,9
AL051853,UNNAMED,1,1853,9
AL061853,UNNAMED,22,1853,9
AL071853,UNNAMED,1,1853,9
AL081853,UNNAMED,14,1853,10
AL011854,UNNAMED,11,1854,6
AL021854,UNNAMED,1,1854,8
AL031854,UNNAMED,25,1854,9
AL041854,UNNAMED,11,1854,9
AL051854,UNNAMED,12,1854,10
AL011855,UNNAMED,1,1855,8
AL021855,UNNAMED,6,1855,8
AL031855,UNNAMED,1,1855,8
AL041855,UNNAMED,16,1855,8
AL051855,UNNAMED,11,1855,9
AL011856,UNNAMED,14,1856,8
AL021856,UNNAMED,8,1856,8
AL031856,UNNAMED,12,1856,8
AL041856,UNNAMED,1,1856,8
AL051856,UNNAMED,40,1856,8
AL061856,UNNAMED,20,1856,9
AL011857,UNNAMED,8,1857,6
AL021857,UNNAMED,47,1857,9
AL031857,UNNAMED,20,1857,9
AL041857,UNNAMED,29,1857,9
AL011858,UNNAMED,1,1858,6
AL021858,UNNAMED,1,1858,8
AL031858,UNNAMED,16,1858,9
AL041858,UNNAMED,32,1858,9
AL051858,UNNAMED,14,1858,9
AL061858,UNNAMED,22,1858,10
AL011859,UNNAMED,1,1859,7
AL021859,UNNAMED,12,1859,8
AL031859,UNNAMED,6,1859,9
AL041859,UNNAMED,7,1859,9
AL051859,UNNAMED,16,1859,9
AL061859,UNNAMED,20,1859,10
AL071859,UNNAMED,11,1859,10
AL081859,UNNAMED,24,1859,10
AL011860,UNNAMED,35,1860,8
AL021860,UNNAMED,12,1860,8
AL041860,UNNAMED,23,1860,9
AL031860,UNNAMED,1,1860,9
AL051860,UNNAMED,16,1860,9
AL061860,UNNAMED,17,1860,9
AL071860,UNNAMED,18,1860,10
AL011861,UNNAMED,28,1861,7
AL021861,UNNAMED,18,1861,8
AL031861,UNNAMED,24,1861,8
AL041861,UNNAMED,1,1861,9
AL051861,UNNAMED,7,1861,9
AL061861,UNNAMED,16,1861,10
AL071861,UNNAMED,1,1861,10
AL081861,UNNAMED,15,1861,11
AL011862,UNNAMED,12,1862,6
AL021862,UNNAMED,13,1862,8
AL031862,UNNAMED,34,1862,9
AL041862,UNNAMED,1,1862,10
AL051862,UNNAMED,14,1862,10
AL061862,UNNAMED,14,1862,11
AL011863,UNNAMED,8,1863,8
AL021863,UNNAMED,8,1863,8
AL031863,UNNAMED,18,1863,8
AL041863,UNNAMED,8,1863,8
AL051863,UNNAMED,32,1863,9
AL061863,UNNAMED,15,1863,9
AL071863,UNNAMED,6,1863,9
AL081863,UNNAMED,4,1863,9
AL091863,UNNAMED,12,1863,9
AL011864,UNNAMED,12,1864,7
AL021864,UNNAMED,1,1864,7
AL031864,UNNAMED,26,1864,8
AL041864,UNNAMED,16,1864,9
AL051864,UNNAMED,12,1864,10
AL011865,UNNAMED,1,1865,5
AL021865,UNNAMED,1,1865,6
AL031865,UNNAMED,20,1865,8
AL041865,UNNAMED,37,1865,9
AL051865,UNNAMED,1,1865,9
AL061865,UNNAMED,1,1865,9
AL071865,UNNAMED,34,1865,10
AL011866,UNNAMED,19,1866,7
AL021866,UNNAMED,22,1866,8
AL031866,UNNAMED,14,1866,9
AL041866,UNNAMED,1,1866,9
AL051866,UNNAMED,12,1866,9
AL061866,UNNAMED,48,1866,9
AL071866,UNNAMED,7,1866,10
AL011867,UNNAMED,11,1867,6
AL021867,UNNAMED,28,1867,7
AL031867,UNNAMED,1,1867,8
AL041867,UNNAMED,16,1867,8
AL051867,UNNAMED,1,1867,9
AL061867,UNNAMED,10,1867,9
AL071867,UNNAMED,34,1867,10
AL081867,UNNAMED,1,1867,10
AL091867,UNNAMED,17,1867,10
AL011868,UNNAMED,18,1868,9
AL021868,UNNAMED,29,1868,10
AL031868,UNNAMED,12,1868,10
AL041868,UNNAMED,12,1868,10
AL011869,UNNAMED,4,1869,8
AL021869,UNNAMED,9,1869,8
AL031869,UNNAMED,4,1869,8
AL041869,UNNAMED,8,1869,9
AL051869,UNNAMED,9,1869,9
AL061869,UNNAMED,12,1869,9
AL071869,UNNAMED,32,1869,9
AL081869,UNNAMED,1,1869,9
AL091869,UNNAMED,1,1869,10
AL101869,UNNAMED,10,1869,10
AL011870,UNNAMED,1,1870,7
AL021870,UNNAMED,24,1870,8
AL031870,UNNAMED,16,1870,9
AL041870,UNNAMED,20,1870,9
AL051870,UNNAMED,16,1870,9
AL061870,UNNAMED,40,1870,10
AL071870,UNNAMED,1,1870,10
AL081870,UNNAMED,6,1870,10
AL091870,UNNAMED,18,1870,10
AL101870,UNNAMED,1,1870,10
AL111870,UNNAMED,20,1870,10
AL011871,UNNAMED,21,1871,6
AL021871,UNNAMED,13,1871,6
AL031871,UNNAMED,41,1871,8
AL041871,UNNAMED,57,1871,8
AL051871,UNNAMED,16,1871,8
AL061871,UNNAMED,17,1871,9
AL071871,UNNAMED,33,1871,9
AL081871,UNNAMED,14,1871,10
AL011872,UNNAMED,22,1872,7
AL021872,UNNAMED,56,1872,8
AL031872,UNNAMED,48,1872,9
AL041872,UNNAMED,28,1872,9
AL051872,UNNAMED,28,1872,10
AL011873,UNNAMED,8,1873,6
AL021873,UNNAMED,64,1873,8
AL031873,UNNAMED,13,1873,9
AL041873,UNNAMED,13,1873,9
AL051873,UNNAMED,59,1873,9
AL011874,UNNAMED,15,1874,7
AL021874,UNNAMED,20,1874,8
AL031874,UNNAMED,42,1874,8
AL041874,UNNAMED,24,1874,9
AL051874,UNNAMED,16,1874,9
AL061874,UNNAMED,27,1874,9
AL071874,UNNAMED,20,1874,10
AL011875,UNNAMED,16,1875,8
AL021875,UNNAMED,40,1875,9
AL031875,UNNAMED,45,1875,9
AL041875,UNNAMED,18,1875,9
AL051875,UNNAMED,16,1875,10
AL061875,UNNAMED,20,1875,10
AL011876,UNNAMED,12,1876,9
AL021876,UNNAMED,33,1876,9
AL031876,UNNAMED,12,1876,9
AL041876,UNNAMED,26,1876,9
AL051876,UNNAMED,49,1876,10
AL011877,UNNAMED,18,1877,8
AL021877,UNNAMED,34,1877,9
AL031877,UNNAMED,28,1877,9
AL041877,UNNAMED,61,1877,9
AL051877,UNNAMED,24,1877,9
AL061877,UNNAMED,24,1877,10
AL071877,UNNAMED,19,1877,10
AL081877,UNNAMED,12,1877,11
AL011878,UNNAMED,13,1878,7
AL021878,UNNAMED,45,1878,8
AL031878,UNNAMED,12,1878,8
AL041878,UNNAMED,24,1878,8
AL051878,UNNAMED,55,1878,9
AL061878,UNNAMED,28,1878,9
AL071878,UNNAMED,60,1878,9
AL081878,UNNAMED,29,1878,10
AL091878,UNNAMED,32,1878,10
AL101878,UNNAMED,28,1878,10
AL111878,UNNAMED,33,1878,10
AL121878,UNNAMED,32,1878,11
AL011879,UNNAMED,16,1879,8
AL021879,UNNAMED,32,1879,8
AL031879,UNNAMED,25,1879,8
AL041879,UNNAMED,21,1879,8
AL051879,UNNAMED,21,1879,10
AL061879,UNNAMED,33,1879,10
AL071879,UNNAMED,25,1879,10
AL081879,UNNAMED,16,1879,11
AL011880,UNNAMED,19,1880,6
AL021880,UNNAMED,45,1880,8
AL031880,UNNAMED,24,1880,8
AL041880,UNNAMED,37,1880,8
AL051880,UNNAMED,40,1880,8
AL061880,UNNAMED,26,1880,9
AL071880,UNNAMED,12,1880,9
AL081880,UNNAMED,32,1880,9
AL091880,UNNAMED,25,1880,10
AL101880,UNNAMED,28,1880,10
AL111880,UNNAMED,20,1880,10
AL011881,UNNAMED,15,1881,8
AL031881,UNNAMED,32,1881,8
AL021881,UNNAMED,15,1881,8
AL041881,UNNAMED,24,1881,8
AL051881,UNNAMED,37,1881,8
AL061881,UNNAMED,21,1881,9
AL071881,UNNAMED,28,1881,9
AL011882,UNNAMED,5,1882,8
AL021882,UNNAMED,47,1882,9
AL031882,UNNAMED,10,1882,9
AL041882,UNNAMED,16,1882,9
AL051882,UNNAMED,20,1882,9
AL061882,UNNAMED,45,1882,10
AL011883,UNNAMED,44,1883,8
AL021883,UNNAMED,40,1883,8
AL031883,UNNAMED,39,1883,9
AL041883,UNNAMED,28,1883,10
AL011884,UNNAMED,24,1884,9
AL021884,UNNAMED,56,1884,9
AL031884,UNNAMED,45,1884,9
AL041884,UNNAMED,44,1884,10
AL011885,UNNAMED,36,1885,8
AL021885,UNNAMED,32,1885,8
AL031885,UNNAMED,13,1885,8
AL041885,UNNAMED,29,1885,9
AL051885,UNNAMED,16,1885,9
AL061885,UNNAMED,37,1885,9
AL071885,UNNAMED,16,1885,9
AL081885,UNNAMED,17,1885,10
AL011886,UNNAMED,12,1886,6
AL021886,UNNAMED,33,1886,6
AL031886,UNNAMED,23,1886,6
AL041886,UNNAMED,44,1886,7
AL051886,UNNAMED,40,1886,8
AL061886,UNNAMED,52,1886,8
AL071886,UNNAMED,22,1886,8
AL081886,UNNAMED,36,1886,9
AL091886,UNNAMED,36,1886,9
AL101886,UNNAMED,25,1886,10
AL111886,UNNAMED,24,1886,10
AL121886,UNNAMED,21,1886,10
AL011887,UNNAMED,22,1887,5
AL021887,UNNAMED,20,1887,5
AL031887,UNNAMED,15,1887,6
AL041887,UNNAMED,37,1887,7
AL051887,UNNAMED,36,1887,7
AL061887,UNNAMED,38,1887,8
AL071887,UNNAMED,39,1887,8
AL081887,UNNAMED,23,1887,9
AL091887,UNNAMED,47,1887,9
AL101887,UNNAMED,17,1887,9
AL111887,UNNAMED,11,1887,10
AL121887,UNNAMED,8,1887,10
AL131887,UNNAMED,53,1887,10
AL141887,UNNAMED,11,1887,10
AL151887,UNNAMED,18,1887,10
AL161887,UNNAMED,35,1887,10
AL171887,UNNAMED,30,1887,11
AL181887,UNNAMED,26,1887,12
AL191887,UNNAMED,23,1887,12
AL011888,UNNAMED,12,1888,6
AL021888,UNNAMED,10,1888,7
AL031888,UNNAMED,44,1888,8
AL041888,UNNAMED,34,1888,8
AL051888,UNNAMED,28,1888,9
AL061888,UNNAMED,18,1888,9
AL071888,UNNAMED,20,1888,10
AL081888,UNNAMED,31,1888,11
AL091888,UNNAMED,64,1888,11
AL011889,UNNAMED,24,1889,5
AL021889,UNNAMED,25,1889,6
AL031889,UNNAMED,39,1889,8
AL041889,UNNAMED,48,1889,9
AL051889,UNNAMED,40,1889,9
AL061889,UNNAMED,61,1889,9
AL071889,UNNAMED,31,1889,9
AL081889,UNNAMED,29,1889,9
AL091889,UNNAMED,27,1889,10
AL011890,UNNAMED,10,1890,5
AL021890,UNNAMED,41,1890,8
AL031890,UNNAMED,33,1890,8
AL041890,UNNAMED,6,1890,10
AL011891,UNNAMED,22,1891,7
AL021891,UNNAMED,51,1891,8
AL031891,UNNAMED,31,1891,8
AL041891,UNNAMED,34,1891,9
AL051891,UNNAMED,44,1891,9
AL061891,UNNAMED,39,1891,9
AL071891,UNNAMED,25,1891,10
AL081891,UNNAMED,35,1891,10
AL091891,UNNAMED,34,1891,10
AL101891,UNNAMED,13,1891,11
AL011892,UNNAMED,33,1892,6
AL021892,UNNAMED,40,1892,8
AL031892,UNNAMED,58,1892,9
AL041892,UNNAMED,37,1892,9
AL051892,UNNAMED,48,1892,9
AL061892,UNNAMED,11,1892,9
AL071892,UNNAMED,45,1892,10
AL081892,UNNAMED,30,1892,10
AL091892,UNNAMED,35,1892,10
AL011893,UNNAMED,36,1893,6
AL021893,UNNAMED,14,1893,7
AL031893,UNNAMED,50,1893,8
AL041893,UNNAMED,47,1893,8
AL051893,UNNAMED,16,1893,8
AL061893,UNNAMED,75,1893,8
AL071893,UNNAMED,39,1893,8
AL081893,UNNAMED,24,1893,9
AL091893,UNNAMED,84,1893,9
AL101893,UNNAMED,35,1893,9
AL111893,UNNAMED,16,1893,10
AL121893,UNNAMED,32,1893,11
AL011894,UNNAMED,16,1894,6
AL021894,UNNAMED,19,1894,8
AL031894,UNNAMED,44,1894,8
AL041894,UNNAMED,57,1894,9
AL051894,UNNAMED,49,1894,10
AL061894,UNNAMED,40,1894,10
AL071894,UNNAMED,42,1894,10
AL011895,UNNAMED,17,1895,8
AL021895,UNNAMED,36,1895,8
AL031895,UNNAMED,39,1895,9
AL041895,UNNAMED,24,1895,10
AL051895,UNNAMED,59,1895,10
AL061895,UNNAMED,17,1895,10
AL011896,UNNAMED,34,1896,7
AL021896,UNNAMED,52,1896,8
AL031896,UNNAMED,43,1896,9
AL041896,UNNAMED,35,1896,9
AL051896,UNNAMED,40,1896,10
AL061896,UNNAMED,59,1896,10
AL071896,UNNAMED,12,1896,11
AL011897,UNNAMED,43,1897,8
AL021897,UNNAMED,16,1897,9
AL031897,UNNAMED,25,1897,9
AL041897,UNNAMED,20,1897,9
AL051897,UNNAMED,54,1897,10
AL061897,UNNAMED,36,1897,10
AL011898,UNNAMED,10,1898,8
AL021898,UNNAMED,12,1898,8
AL031898,UNNAMED,12,1898,9
AL041898,UNNAMED,61,1898,9
AL051898,UNNAMED,43,1898,9
AL061898,UNNAMED,35,1898,9
AL071898,UNNAMED,49,1898,9
AL081898,UNNAMED,13,1898,9
AL091898,UNNAMED,51,1898,10
AL101898,UNNAMED,12,1898,10
AL111898,UNNAMED,35,1898,10
AL011899,UNNAMED,7,1899,6
AL021899,UNNAMED,24,1899,7
AL031899,UNNAMED,133,1899,8
AL041899,UNNAMED,43,1899,8
AL051899,UNNAMED,52,1899,9
AL061899,UNNAMED,26,1899,10
AL071899,UNNAMED,17,1899,10
AL081899,UNNAMED,14,1899,10
AL091899,UNNAMED,41,1899,10
AL101899,UNNAMED,16,1899,11
AL011900,UNNAMED,81,1900,8
AL021900,UNNAMED,50,1900,9
AL031900,UNNAMED,62,1900,9
AL041900,UNNAMED,21,1900,9
AL051900,UNNAMED,42,1900,10
AL061900,UNNAMED,24,1900,10
AL071900,UNNAMED,24,1900,10
AL011901,UNNAMED,21,1901,6
AL021901,UNNAMED,39,1901,7
AL031901,UNNAMED,42,1901,7
AL041901,UNNAMED,71,1901,8
AL051901,UNNAMED,18,1901,8
AL061901,UNNAMED,22,1901,8
AL071901,UNNAMED,55,1901,8
AL081901,UNNAMED,44,1901,9
AL091901,UNNAMED,24,1901,9
AL101901,UNNAMED,48,1901,9
AL111901,UNNAMED,39,1901,10
AL121901,UNNAMED,16,1901,10
AL131901,UNNAMED,30,1901,10
AL011902,UNNAMED,23,1902,6
AL021902,UNNAMED,37,1902,6
AL031902,UNNAMED,39,1902,9
AL041902,UNNAMED,44,1902,10
AL051902,UNNAMED,24,1902,11
AL011903,UNNAMED,24,1903,7
AL021903,UNNAMED,43,1903,8
AL031903,UNNAMED,33,1903,9
AL041903,UNNAMED,25,1903,9
AL051903,UNNAMED,32,1903,9
AL061903,UNNAMED,19,1903,9
AL071903,UNNAMED,40,1903,10
AL081903,UNNAMED,24,1903,10
AL091903,UNNAMED,27,1903,10
AL101903,UNNAMED,35,1903,11
AL011904,UNNAMED,18,1904,6
AL021904,UNNAMED,33,1904,9
AL031904,UNNAMED,28,1904,9
AL041904,UNNAMED,41,1904,10
AL051904,UNNAMED,27,1904,10
AL061904,UNNAMED,26,1904,10
AL011905,UNNAMED,10,1905,9
AL021905,UNNAMED,22,1905,9
AL031905,UNNAMED,28,1905,9
AL041905,UNNAMED,51,1905,10
AL051905,UNNAMED,28,1905,10
AL011906,UNNAMED,27,1906,6
AL021906,UNNAMED,41,1906,6
AL031906,UNNAMED,15,1906,8
AL041906,UNNAMED,74,1906,8
AL051906,UNNAMED,63,1906,9
AL061906,UNNAMED,45,1906,9
AL071906,UNNAMED,44,1906,9
AL081906,UNNAMED,65,1906,10
AL091906,UNNAMED,15,1906,10
AL101906,UNNAMED,23,1906,10
AL111906,UNNAMED,22,1906,11
AL011907,UNNAMED,27,1907,6
AL021907,UNNAMED,23,1907,9
AL031907,UNNAMED,13,1907,9
AL041907,UNNAMED,12,1907,10
AL051907,UNNAMED,28,1907,11
AL011908,UNNAMED,14,1908,3
AL021908,UNNAMED,32,1908,5
AL031908,UNNAMED,43,1908,7
AL041908,UNNAMED,25,1908,7
AL051908,UNNAMED,15,1908,8
AL061908,UNNAMED,50,1908,9
AL071908,UNNAMED,10,1908,9
AL081908,UNNAMED,66,1908,9
AL091908,UNNAMED,20,1908,10
AL101908,UNNAMED,18,1908,10
AL011909,UNNAMED,20,1909,6
AL021909,UNNAMED,22,1909,6
AL031909,UNNAMED,36,1909,6
AL041909,UNNAMED,38,1909,7
AL051909,UNNAMED,20,1909,8
AL061909,UNNAMED,34,1909,8
AL071909,UNNAMED,14,1909,8
AL081909,UNNAMED,17,1909,8
AL091909,UNNAMED,35,1909,9
AL101909,UNNAMED,21,1909,9
AL111909,UNNAMED,30,1909,10
AL121909,UNNAMED,26,1909,11
AL011910,UNNAMED,27,1910,8
AL021910,UNNAMED,22,1910,8
AL031910,UNNAMED,44,1910,9
AL041910,UNNAMED,23,1910,9
AL051910,UNNAMED,59,1910,10
AL011911,UNNAMED,31,1911,8
AL021911,UNNAMED,26,1911,8
AL031911,UNNAMED,35,1911,8
AL041911,UNNAMED,38,1911,9
AL051911,UNNAMED,22,1911,9
AL061911,UNNAMED,25,1911,10
AL011912,UNNAMED,42,1912,6
AL021912,UNNAMED,22,1912,7
AL031912,UNNAMED,20,1912,9
AL041912,UNNAMED,21,1912,9
AL051912,UNNAMED,30,1912,10
AL061912,UNNAMED,27,1912,10
AL071912,UNNAMED,43,1912,11
AL011913,UNNAMED,33,1913,6
AL021913,UNNAMED,10,1913,8
AL031913,UNNAMED,70,1913,8
AL041913,UNNAMED,22,1913,8
AL051913,UNNAMED,36,1913,10
AL061913,UNNAMED,10,1913,10
AL011914,UNNAMED,19,1914,9
AL011915,UNNAMED,22,1915,7
AL021915,UNNAMED,75,1915,8
AL031915,UNNAMED,59,1915,8
AL041915,UNNAMED,27,1915,8
AL051915,UNNAMED,16,1915,9
AL061915,UNNAMED,42,1915,9
AL011916,UNNAMED,19,1916,5
AL021916,UNNAMED,51,1916,6
AL031916,UNNAMED,52,1916,7
AL041916,UNNAMED,20,1916,7
AL051916,UNNAMED,10,1916,8
AL061916,UNNAMED,33,1916,8
AL071916,UNNAMED,22,1916,8
AL081916,UNNAMED,26,1916,8
AL091916,UNNAMED,11,1916,9
AL101916,UNNAMED,35,1916,9
AL111916,UNNAMED,31,1916,9
AL121916,UNNAMED,13,1916,10
AL131916,UNNAMED,36,1916,10
AL141916,UNNAMED,43,1916,10
AL151916,UNNAMED,22,1916,11
AL011917,UNNAMED,33,1917,7
AL021917,UNNAMED,24,1917,8
AL031917,UNNAMED,35,1917,8
AL041917,UNNAMED,43,1917,9
AL011918,UNNAMED,28,1918,8
AL021918,UNNAMED,18,1918,8
AL031918,UNNAMED,15,1918,8
AL041918,UNNAMED,23,1918,8
AL051918,UNNAMED,27,1918,9
AL061918,UNNAMED,23,1918,9
AL011919,UNNAMED,16,1919,7
AL031919,UNNAMED,13,1919,9
AL021919,UNNAMED,59,1919,9
AL041919,UNNAMED,14,1919,9
AL051919,UNNAMED,24,1919,11
AL011920,UNNAMED,38,1920,9
AL021920,UNNAMED,30,1920,9
AL031920,UNNAMED,20,1920,9
AL041920,UNNAMED,18,1920,9
AL051920,UNNAMED,24,1920,9
AL011921,UNNAMED,43,1921,6
AL021921,UNNAMED,16,1921,9
AL031921,UNNAMED,48,1921,9
AL041921,UNNAMED,28,1921,9
AL051921,UNNAMED,36,1921,10
AL061921,UNNAMED,43,1921,10
AL071921,UNNAMED,28,1921,11
AL011922,UNNAMED,18,1922,6
AL021922,UNNAMED,62,1922,9
AL031922,UNNAMED,29,1922,9
AL041922,UNNAMED,46,1922,10
AL051922,UNNAMED,24,1922,10
AL011923,UNNAMED,28,1923,6
AL021923,UNNAMED,39,1923,9
AL031923,UNNAMED,17,1923,9
AL041923,UNNAMED,21,1923,9
AL051923,UNNAMED,41,1923,9
AL061923,UNNAMED,22,1923,10
AL071923,UNNAMED,21,1923,10
AL081923,UNNAMED,23,1923,10
AL091923,UNNAMED,12,1923,10
AL011924,UNNAMED,14,1924,6
AL021924,UNNAMED,11,1924,7
AL031924,UNNAMED,50,1924,8
AL041924,UNNAMED,48,1924,8
AL051924,UNNAMED,29,1924,9
AL061924,UNNAMED,12,1924,9
AL071924,UNNAMED,48,1924,9
AL081924,UNNAMED,18,1924,9
AL091924,UNNAMED,16,1924,10
AL101924,UNNAMED,40,1924,10
AL111924,UNNAMED,38,1924,11
AL011925,UNNAMED,14,1925,8
AL021925,UNNAMED,11,1925,8
AL031925,UNNAMED,8,1925,9
AL041925,UNNAMED,36,1925,11
AL011926,UNNAMED,47,1926,7
AL021926,UNNAMED,42,1926,7
AL031926,UNNAMED,31,1926,8
AL041926,UNNAMED,95,1926,9
AL051926,UNNAMED,19,1926,9
AL061926,UNNAMED,27,1926,9
AL071926,UNNAMED,46,1926,9
AL081926,UNNAMED,42,1926,9
AL091926,UNNAMED,11,1926,10
AL101926,UNNAMED,57,1926,10
AL111926,UNNAMED,18,1926,11
AL011927,UNNAMED,45,1927,8
AL021927,UNNAMED,39,1927,9
AL031927,UNNAMED,28,1927,9
AL041927,UNNAMED,36,1927,9
AL051927,UNNAMED,17,1927,9
AL061927,UNNAMED,14,1927,10
AL071927,UNNAMED,20,1927,10
AL081927,UNNAMED,12,1927,11
AL011928,UNNAMED,46,1928,8
AL021928,UNNAMED,42,1928,8
AL031928,UNNAMED,29,1928,9
AL041928,UNNAMED,62,1928,9
AL051928,UNNAMED,20,1928,9
AL061928,UNNAMED,22,1928,10
AL011929,UNNAMED,15,1929,6
AL021929,UNNAMED,67,1929,9
AL031929,UNNAMED,20,1929,9
AL041929,UNNAMED,22,1929,10
AL051929,UNNAMED,15,1929,10
AL011930,UNNAMED,50,1930,8
AL021930,UNNAMED,81,1930,8
AL031930,UNNAMED,12,1930,10
AL011931,UNNAMED,19,1931,6
AL021931,UNNAMED,26,1931,7
AL031931,UNNAMED,34,1931,8
AL041931,UNNAMED,21,1931,8
AL051931,UNNAMED,13,1931,9
AL061931,UNNAMED,28,1931,9
AL071931,UNNAMED,33,1931,9
AL081931,UNNAMED,25,1931,9
AL091931,UNNAMED,13,1931,10
AL101931,UNNAMED,18,1931,10
AL111931,UNNAMED,18,1931,11
AL121931,UNNAMED,22,1931,11
AL131931,UNNAMED,15,1931,11
AL011932,UNNAMED,23,1932,5
AL021932,UNNAMED,17,1932,8
AL031932,UNNAMED,39,1932,8
AL041932,UNNAMED,73,1932,8
AL051932,UNNAMED,16,1932,9
AL061932,UNNAMED,38,1932,9
AL071932,UNNAMED,44,1932,9
AL081932,UNNAMED,17,1932,9
AL091932,UNNAMED,31,1932,9
AL101932,UNNAMED,10,1932,9
AL111932,UNNAMED,47,1932,10
AL121932,UNNAMED,18,1932,10
AL131932,UNNAMED,13,1932,10
AL141932,UNNAMED,63,1932,10
AL151932,UNNAMED,31,1932,11
AL011933,UNNAMED,22,1933,5
AL021933,UNNAMED,53,1933,6
AL031933,UNNAMED,55,1933,7
AL041933,UNNAMED,11,1933,7
AL051933,UNNAMED,51,1933,7
AL061933,UNNAMED,62,1933,8
AL071933,UNNAMED,31,1933,8
AL081933,UNNAMED,60,1933,8
AL091933,UNNAMED,34,1933,8
AL101933,UNNAMED,14,1933,8
AL111933,UNNAMED,33,1933,8
AL121933,UNNAMED,60,1933,9
AL131933,UNNAMED,23,1933,9
AL141933,UNNAMED,38,1933,9
AL151933,UNNAMED,17,1933,9
AL161933,UNNAMED,16,1933,10
AL171933,UNNAMED,33,1933,10
AL181933,UNNAMED,55,1933,10
AL191933,UNNAMED,20,1933,10
AL201933,UNNAMED,8,1933,11
AL011934,UNNAMED,71,1934,6
AL021934,UNNAMED,21,1934,7
AL031934,UNNAMED,20,1934,7
AL041934,UNNAMED,11,1934,8
AL051934,UNNAMED,27,1934,8
AL061934,UNNAMED,15,1934,9
AL071934,UNNAMED,24,1934,9
AL081934,UNNAMED,29,1934,9
AL091934,UNNAMED,30,1934,9
AL101934,UNNAMED,12,1934,10
AL111934,UNNAMED,23,1934,10
AL121934,UNNAMED,17,1934,10
AL131934,UNNAMED,42,1934,11
AL011935,UNNAMED,17,1935,5
AL021935,UNNAMED,43,1935,8
AL031935,UNNAMED,52,1935,8
AL041935,UNNAMED,15,1935,8
AL051935,UNNAMED,39,1935,9
AL061935,UNNAMED,36,1935,10
AL071935,UNNAMED,39,1935,10
AL081935,UNNAMED,45,1935,11
AL011936,UNNAMED,23,1936,6
AL021936,UNNAMED,13,1936,6
AL031936,UNNAMED,8,1936,6
AL041936,UNNAMED,10,1936,7
AL051936,UNNAMED,24,1936,7
AL061936,UNNAMED,31,1936,8
AL071936,UNNAMED,21,1936,8
AL081936,UNNAMED,20,1936,8
AL091936,UNNAMED,14,1936,8
AL101936,UNNAMED,49,1936,8
AL111936,UNNAMED,13,1936,8
AL121936,UNNAMED,5,1936,9
AL131936,UNNAMED,71,1936,9
AL141936,UNNAMED,22,1936,9
AL151936,UNNAMED,28,1936,9
AL161936,UNNAMED,9,1936,10
AL171936,UNNAMED,55,1936,12
AL011937,UNNAMED,21,1937,7
AL021937,UNNAMED,28,1937,8
AL031937,UNNAMED,39,1937,8
AL041937,UNNAMED,24,1937,9
AL051937,UNNAMED,9,1937,9
AL061937,UNNAMED,31,1937,9
AL071937,UNNAMED,23,1937,9
AL081937,UNNAMED,34,1937,9
AL091937,UNNAMED,28,1937,9
AL101937,UNNAMED,11,1937,10
AL111937,UNNAMED,11,1937,10
AL011938,UNNAMED,22,1938,1
AL021938,UNNAMED,7,1938,8
AL031938,UNNAMED,24,1938,8
AL041938,UNNAMED,24,1938,8
AL051938,UNNAMED,19,1938,9
AL061938,UNNAMED,57,1938,9
AL071938,UNNAMED,30,1938,10
AL081938,UNNAMED,19,1938,10
AL091938,UNNAMED,15,1938,11
AL011939,UNNAMED,28,1939,6
AL021939,UNNAMED,50,1939,8
AL031939,UNNAMED,24,1939,8
AL041939,UNNAMED,19,1939,9
AL051939,UNNAMED,30,1939,10
AL061939,UNNAMED,39,1939,10
AL011940,UNNAMED,32,1940,5
AL021940,UNNAMED,31,1940,8
AL031940,UNNAMED,38,1940,8
AL041940,UNNAMED,34,1940,8
AL051940,UNNAMED,49,1940,9
AL061940,UNNAMED,29,1940,9
AL071940,UNNAMED,27,1940,9
AL081940,UNNAMED,19,1940,10
AL091940,UNNAMED,21,1940,10
AL011941,UNNAMED,22,1941,9
AL021941,UNNAMED,40,1941,9
AL031941,UNNAMED,32,1941,9
AL041941,UNNAMED,29,1941,9
AL051941,UNNAMED,44,1941,10
AL061941,UNNAMED,30,1941,10
AL011942,UNNAMED,12,1942,8
AL021942,UNNAMED,26,1942,8
AL031942,UNNAMED,38,1942,8
AL041942,UNNAMED,39,1942,8
AL051942,UNNAMED,32,1942,9
AL061942,UNNAMED,27,1942,9
AL071942,UNNAMED,13,1942,9
AL081942,UNNAMED,22,1942,9
AL091942,UNNAMED,12,1942,10
AL101942,UNNAMED,22,1942,10
AL111942,UNNAMED,28,1942,11
AL011943,UNNAMED,18,1943,7
AL021943,UNNAMED,26,1943,8
AL031943,UNNAMED,34,1943,8
AL041943,UNNAMED,36,1943,9
AL051943,UNNAMED,18,1943,9
AL061943,UNNAMED,20,1943,9
AL071943,UNNAMED,16,1943,9
AL081943,UNNAMED,11,1943,10
AL091943,UNNAMED,25,1943,10
AL101943,UNNAMED,26,1943,10
AL011944,UNNAMED,28,1944,7
AL021944,UNNAMED,15,1944,7
AL031944,UNNAMED,21,1944,7
AL041944,UNNAMED,32,1944,8
AL051944,UNNAMED,20,1944,8
AL061944,UNNAMED,13,1944,9
AL071944,UNNAMED,32,1944,9
AL081944,UNNAMED,14,1944,9
AL091944,UNNAMED,29,1944,9
AL101944,UNNAMED,13,1944,9
AL111944,UNNAMED,13,1944,9
AL121944,UNNAMED,20,1944,10
AL131944,UNNAMED,51,1944,10
AL141944,UNNAMED,12,1944,11
AL011945,UNNAMED,59,1945,6
AL021945,UNNAMED,13,1945,7
AL031945,UNNAMED,12,1945,8
AL041945,UNNAMED,15,1945,8
AL051945,UNNAMED,24,1945,8
AL061945,UNNAMED,15,1945,8
AL071945,UNNAMED,13,1945,9
AL081945,UNNAMED,14,1945,9
AL091945,UNNAMED,39,1945,9
AL101945,UNNAMED,22,1945,10
AL111945,UNNAMED,26,1945,10
AL011946,UNNAMED,14,1946,6
AL021946,UNNAMED,24,1946,7
AL031946,UNNAMED,6,1946,8
AL041946,UNNAMED,26,1946,9
AL051946,UNNAMED,20,1946,10
AL061946,UNNAMED,39,1946,10
AL071946,UNNAMED,13,1946,10
AL011947,UNNAMED,10,1947,7
AL021947,UNNAMED,31,1947,8
AL031947,UNNAMED,39,1947,8
AL041947,UNNAMED,73,1947,9
AL051947,UNNAMED,10,1947,9
AL061947,UNNAMED,27,1947,9
AL071947,UNNAMED,16,1947,10
AL081947,UNNAMED,13,1947,10
AL091947,UNNAMED,36,1947,10
AL101947,UNNAMED,22,1947,10
AL011948,UNNAMED,28,1948,5
AL021948,UNNAMED,18,1948,7
AL031948,UNNAMED,44,1948,8
AL041948,UNNAMED,10,1948,8
AL051948,UNNAMED,22,1948,9
AL061948,UNNAMED,54,1948,9
AL071948,UNNAMED,14,1948,9
AL081948,UNNAMED,36,1948,9
AL091948,UNNAMED,56,1948,10
AL101948,UNNAMED,11,1948,11
AL011949,UNNAMED,37,1949,8
AL021949,UNNAMED,40,1949,8
AL031949,UNNAMED,14,1949,8
AL041949,UNNAMED,35,1949,9
AL051949,UNNAMED,11,1949,9
AL061949,UNNAMED,47,1949,9
AL071949,UNNAMED,14,1949,9
AL081949,UNNAMED,16,1949,9
AL091949,UNNAMED,27,1949,9
AL101949,UNNAMED,11,1949,9
AL111949,UNNAMED,41,1949,9
AL121949,UNNAMED,21,1949,10
AL131949,UNNAMED,35,1949,10
AL141949,UNNAMED,17,1949,10
AL151949,UNNAMED,19,1949,11
AL161949,UNNAMED,9,1949,11
AL011950,ABLE,51,1950,8
AL021950,BAKER,60,1950,8
AL031950,CHARLIE,61,1950,8
AL041950,DOG,74,1950,8
AL051950,EASY,39,1950,9
AL061950,FOX,38,1950,9
AL071950,GEORGE,42,1950,9
AL081950,HOW,15,1950,10
AL091950,ITEM,16,1950,10
AL101950,JIG,27,1950,10
AL111950,KING,31,1950,10
AL121950,UNNAMED,31,1950,10
AL131950,LOVE,21,1950,10
AL141950,MIKE,14,1950,10
AL151950,UNNAMED,10,1950,10
AL161950,UNNAMED,10,1950,11
AL011951,UNNAMED,41,1951,1
AL021951,ABLE,36,1951,5
AL031951,BAKER,15,1951,8
AL041951,CHARLIE,52,1951,8
AL051951,DOG,38,1951,8
AL061951,EASY,55,1951,9
AL071951,FOX,35,1951,9
AL081951,GEORGE,11,1951,9
AL091951,HOW,53,1951,9
AL101951,ITEM,23,1951,10
AL111951,JIG,20,1951,10
AL121951,UNNAMED,36,1951,12
AL011952,UNNAMED,13,1952,2
AL021952,ABLE,66,1952,8
AL031952,UNNAMED,6,1952,8
AL041952,BAKER,40,1952,8
AL051952,UNNAMED,27,1952,9
AL061952,CHARLIE,29,1952,9
AL071952,DOG,26,1952,9
AL081952,UNNAMED,21,1952,9
AL091952,EASY,21,1952,10
AL101952,FOX,36,1952,10
AL111952,UNNAMED,25,1952,11
AL011953,ALICE,53,1953,5
AL021953,UNNAMED,18,1953,7
AL031953,BARBARA,26,1953,8
AL041953,CAROL,52,1953,8
AL051953,UNNAMED,13,1953,8
AL061953,DOLLY,35,1953,9
AL071953,EDNA,28,1953,9
AL081953,UNNAMED,23,1953,9
AL091953,FLORENCE,19,1953,9
AL101953,GAIL,41,1953,10
AL111953,UNNAMED,19,1953,10
AL121953,HAZEL,40,1953,10
AL131953,UNNAMED,15,1953,11
AL141953,UNNAMED,9,1953,12
AL011954,UNNAMED,14,1954,5
AL021954,UNNAMED,29,1954,6
AL031954,ALICE,13,1954,6
AL041954,UNNAMED,15,1954,7
AL051954,BARBARA,14,1954,7
AL061954,CAROL,30,1954,8
AL071954,DOLLY,18,1954,8
AL081954,EDNA,41,1954,9
AL091954,UNNAMED,8,1954,9
AL101954,FLORENCE,11,1954,9
AL111954,UNNAMED,11,1954,9
AL121954,GILDA,24,1954,9
AL131954,UNNAMED,48,1954,9
AL141954,HAZEL,56,1954,10
AL151954,UNNAMED,21,1954,11
AL161954,ALICE,29,1954,12
AL011955,BRENDA,14,1955,7
AL021955,CONNIE,49,1955,8
AL031955,DIANE,67,1955,8
AL041955,EDITH,60,1955,8
AL051955,UNNAMED,14,1955,8
AL061955,FLORA,31,1955,9
AL071955,GLADYS,14,1955,9
AL081955,IONE,69,1955,9
AL091955,HILDA,39,1955,9
AL101955,JANET,40,1955,9
AL111955,UNNAMED,22,1955,9
AL121955,UNNAMED,18,1955,10
AL131955,KATIE,20,1955,10
AL011956,UNNAMED,15,1956,6
AL021956,ANNA,9,1956,7
AL031956,BETSY,50,1956,8
AL041956,CARLA,38,1956,9
AL051956,DORA,12,1956,9
AL061956,ETHEL,11,1956,9
AL071956,FLOSSY,52,1956,9
AL081956,GRETA,30,1956,10
AL091956,UNNAMED,14,1956,6
AL101956,UNNAMED,12,1956,10
AL111956,UNNAMED,20,1956,10
AL121956,UNNAMED,11,1956,11
AL011957,UNNAMED,32,1957,6
AL021957,AUDREY,20,1957,6
AL031957,BERTHA,14,1957,8
AL041957,CARRIE,95,1957,9
AL051957,DEBBIE,10,1957,9
AL061957,ESTHER,15,1957,9
AL071957,FRIEDA,29,1957,9
AL081957,UNNAMED,20,1957,10
AL011958,ALMA,10,1958,6
AL021958,BECKY,37,1958,8
AL031958,CLEO,47,1958,8
AL041958,DAISY,30,1958,8
AL051958,ELLA,35,1958,8
AL061958,FIFI,30,1958,9
AL071958,GERDA,34,1958,9
AL081958,HELENE,54,1958,9
AL091958,ILSA,26,1958,9
AL101958,JANICE,39,1958,10
AL111958,UNNAMED,18,1958,5
AL121958,UNNAMED,13,1958,10
AL011959,ARLENE,24,1959,5
AL021959,BEULAH,15,1959,6
AL031959,UNNAMED,20,1959,6
AL041959,CINDY,35,1959,7
AL051959,DEBRA,22,1959,7
AL061959,EDITH,6,1959,8
AL071959,FLORA,17,1959,9
AL081959,GRACIE,50,1959,9
AL091959,HANNAH,46,1959,9
AL101959,IRENE,13,1959,10
AL111959,JUDITH,34,1959,10
AL121959,UNNAMED,20,1959,8
AL131959,UNNAMED,30,1959,8
AL141959,UNNAMED,21,1959,9
AL011960,UNNAMED,27,1960,6
AL021960,ABBY,34,1960,7
AL031960,BRENDA,46,1960,7
AL041960,CLEO,14,1960,8
AL051960,DONNA,72,1960,8
AL061960,ETHEL,22,1960,9
AL071960,FLORENCE,40,1960,9
AL081960,UNNAMED,9,1960,9
AL011961,ANNA,32,1961,7
AL021961,BETSY,58,1961,9
AL031961,CARLA,60,1961,9
AL041961,DEBBIE,55,1961,9
AL051961,ESTHER,70,1961,9
AL061961,UNNAMED,15,1961,9
AL071961,FRANCES,43,1961,9
AL081961,GERDA,23,1961,10
AL091961,HATTIE,26,1961,10
AL101961,JENNY,38,1961,11
AL111961,INGA,20,1961,11
AL121961,UNNAMED,15,1961,11
AL011962,ALMA,28,1962,8
AL021962,BECKY,20,1962,8
AL031962,CELIA,39,1962,9
AL041962,DAISY,41,1962,9
AL051962,ELLA,45,1962,10
AL061962,UNNAMED,31,1962,6
AL071962,UNNAMED,40,1962,11
AL011963,ARLENE,55,1963,7
AL021963,BEULAH,80,1963,8
AL031963,UNNAMED,21,1963,9
AL041963,CINDY,16,1963,9
AL051963,DEBRA,23,1963,9
AL061963,EDITH,28,1963,9
AL071963,FLORA,79,1963,9
AL081963,GINNY,52,1963,10
AL091963,HELENA,23,1963,10
AL101963,UNNAMED,14,1963,6
AL011964,UNNAMED,34,1964,6
AL021964,UNNAMED,50,1964,7
AL031964,ABBY,14,1964,8
AL041964,BRENDA,11,1964,8
AL051964,CLEO,92,1964,8
AL061964,DORA,75,1964,8
AL071964,ETHEL,54,1964,9
AL081964,FLORENCE,21,1964,9
AL091964,GLADYS,48,1964,9
AL101964,HILDA,39,1964,9
AL111964,ISBELL,34,1964,10
AL121964,UNNAMED,22,1964,11
AL131964,UNNAMED,20,1964,7
AL011965,UNNAMED,30,1965,6
AL021965,ANNA,22,1965,8
AL031965,BETSY,74,1965,8
AL041965,CAROL,70,1965,9
AL051965,DEBBIE,24,1965,9
AL061965,ELENA,33,1965,10
AL071965,UNNAMED,31,1965,9
AL081965,UNNAMED,17,1965,9
AL091965,UNNAMED,15,1965,10
AL101965,UNNAMED,23,1965,11
AL011966,ALMA,42,1966,6
AL021966,BECKY,9,1966,7
AL031966,CELIA,36,1966,7
AL051966,ELLA,26,1966,7
AL041966,DOROTHY,37,1966,7
AL061966,FAITH,69,1966,8
AL071966,GRETA,26,1966,9
AL081966,HALLIE,7,1966,9
AL091966,INEZ,81,1966,9
AL101966,JUDITH,15,1966,9
AL111966,LOIS,39,1966,11
AL011967,UNNAMED,9,1967,6
AL021967,UNNAMED,13,1967,6
AL031967,UNNAMED,16,1967,6
AL041967,UNNAMED,9,1967,6
AL051967,UNNAMED,17,1967,7
AL061967,UNNAMED,5,1967,7
AL071967,UNNAMED,13,1967,8
AL081967,UNNAMED,25,1967,8
AL091967,UNNAMED,13,1967,8
AL101967,UNNAMED,17,1967,8
AL111967,ARLENE,29,1967,8
AL121967,CHLOE,68,1967,9
AL131967,BEULAH,70,1967,9
AL141967,DORIA,55,1967,9
AL151967,UNNAMED,33,1967,9
AL161967,UNNAMED,33,1967,9
AL171967,UNNAMED,13,1967,9
AL181967,EDITH,21,1967,9
AL191967,FERN,13,1967,10
AL201967,UNNAMED,9,1967,10
AL211967,GINGER,14,1967,10
AL221967,UNNAMED,5,1967,10
AL231967,UNNAMED,9,1967,10
AL241967,UNNAMED,9,1967,10
AL251967,HEIDI,54,1967,10
AL261967,UNNAMED,13,1967,10
AL011968,ABBY,51,1968,6
AL021968,BRENDA,37,1968,6
AL031968,CANDY,15,1968,6
AL041968,UNNAMED,5,1968,7
AL051968,DOLLY,29,1968,8
AL061968,UNNAMED,25,1968,8
AL071968,UNNAMED,15,1968,9
AL081968,EDNA,31,1968,9
AL091968,UNNAMED,38,1968,9
AL101968,UNNAMED,19,1968,9
AL111968,UNNAMED,11,1968,9
AL121968,FRANCES,30,1968,9
AL131968,UNNAMED,18,1968,9
AL141968,GLADYS,34,1968,10
AL151968,UNNAMED,5,1968,11
AL011969,UNNAMED,17,1969,5
AL021969,UNNAMED,5,1969,5
AL031969,UNNAMED,9,1969,6
AL041969,UNNAMED,13,1969,6
AL051969,UNNAMED,9,1969,7
AL061969,ANNA,46,1969,7
AL071969,BLANCHE,10,1969,8
AL081969,DEBBIE,45,1969,8
AL091969,CAMILLE,37,1969,8
AL101969,UNNAMED,17,1969,8
AL111969,UNNAMED,9,1969,8
AL121969,EVE,12,1969,8
AL131969,FRANCELIA,27,1969,8
AL141969,UNNAMED,13,1969,8
AL151969,UNNAMED,21,1969,9
AL161969,GERDA,19,1969,9
AL171969,HOLLY,27,1969,9
AL181969,UNNAMED,17,1969,9
AL191969,UNNAMED,8,1969,9
AL201969,INGA,99,1969,9
AL211969,UNNAMED,19,1969,9
AL221969,UNNAMED,23,1969,9
AL231969,UNNAMED,10,1969,9
AL241969,JENNY,22,1969,10
AL251969,KARA,48,1969,10
AL261969,LAURIE,42,1969,10
AL271969,UNNAMED,14,1969,10
AL281969,UNNAMED,31,1969,10
AL291969,MARTHA,17,1969,11
AL011970,ALMA,39,1970,5
AL021970,BECKY,19,1970,7
AL031970,UNNAMED,22,1970,7
AL041970,CELIA,24,1970,7
AL051970,UNNAMED,17,1970,8
AL061970,UNNAMED,7,1970,8
AL071970,UNNAMED,29,1970,8
AL081970,UNNAMED,15,1970,8
AL091970,DOROTHY,25,1970,8
AL101970,UNNAMED,24,1970,9
AL111970,UNNAMED,10,1970,9
AL121970,ELLA,20,1970,9
AL131970,FELICE,23,1970,9
AL141970,UNNAMED,14,1970,9
AL151970,UNNAMED,73,1970,9
AL161970,GRETA,35,1970,9
AL171970,UNNAMED,9,1970,9
AL181970,UNNAMED,23,1970,10
AL191970,UNNAMED,33,1970,10
AL011971,ARLENE,15,1971,7
AL021971,UNNAMED,5,1971,7
AL031971,UNNAMED,5,1971,7
AL041971,UNNAMED,17,1971,8
AL051971,UNNAMED,13,1971,8
AL061971,BETH,29,1971,8
AL071971,UNNAMED,17,1971,8
AL081971,CHLOE,29,1971,8
AL091971,DORIA,36,1971,8
AL101971,UNNAMED,17,1971,8
AL111971,FERN,39,1971,9
AL121971,UNNAMED,22,1971,9
AL131971,EDITH,51,1971,9
AL141971,GINGER,118,1971,9
AL151971,UNNAMED,13,1971,9
AL161971,UNNAMED,17,1971,9
AL171971,HEIDI,17,1971,9
AL181971,IRENE,37,1971,9
AL191971,JANICE,15,1971,9
AL201971,UNNAMED,33,1971,10
AL211971,KRISTY,16,1971,10
AL221971,LAURA,39,1971,11
AL011972,ALPHA,24,1972,5
AL021972,AGNES,35,1972,6
AL031972,UNNAMED,8,1972,6
AL041972,UNNAMED,10,1972,7
AL051972,UNNAMED,18,1972,7
AL061972,UNNAMED,13,1972,7
AL071972,UNNAMED,10,1972,8
AL081972,UNNAMED,13,1972,8
AL091972,UNNAMED,9,1972,8
AL101972,BETTY,42,1972,8
AL111972,CARRIE,29,1972,8
AL121972,UNNAMED,9,1972,9
AL131972,DAWN,39,1972,9
AL141972,CHARLIE,11,1972,9
AL151972,UNNAMED,17,1972,9
AL161972,UNNAMED,9,1972,10
AL171972,UNNAMED,41,1972,10
AL181972,UNNAMED,17,1972,10
AL191972,DELTA,25,1972,11
AL011973,UNNAMED,13,1973,4
AL021973,UNNAMED,13,1973,5
AL031973,UNNAMED,9,1973,6
AL041973,ALICE,22,1973,7
AL051973,UNNAMED,9,1973,7
AL061973,ALFA,11,1973,7
AL071973,UNNAMED,9,1973,8
AL081973,BRENDA,16,1973,8
AL091973,CHRISTINE,42,1973,8
AL101973,DELIA,23,1973,9
AL111973,UNNAMED,25,1973,9
AL121973,ELLEN,37,1973,9
AL131973,UNNAMED,9,1973,9
AL141973,FRAN,20,1973,10
AL151973,UNNAMED,9,1973,10
AL161973,GILDA,56,1973,10
AL171973,UNNAMED,6,1973,11
AL011974,UNNAMED,17,1974,6
AL021974,UNNAMED,6,1974,6
AL031974,UNNAMED,9,1974,6
AL041974,UNNAMED,18,1974,7
AL051974,UNNAMED,19,1974,7
AL061974,UNNAMED,19,1974,8
AL071974,ALMA,13,1974,8
AL081974,UNNAMED,9,1974,8
AL091974,BECKY,28,1974,8
AL101974,CARMEN,49,1974,8
AL111974,UNNAMED,37,1974,9
AL121974,DOLLY,12,1974,9
AL131974,ELAINE,38,1974,9
AL141974,FIFI,33,1974,9
AL151974,UNNAMED,10,1974,9
AL161974,UNNAMED,17,1974,9
AL171974,GERTRUDE,27,1974,9
AL181974,UNNAMED,21,1974,10
AL191974,UNNAMED,13,1974,10
AL201974,UNNAMED,9,1974,11
AL011975,UNNAMED,21,1975,6
AL021975,AMY,31,1975,6
AL031975,UNNAMED,5,1975,7
AL041975,BLANCHE,20,1975,7
AL051975,UNNAMED,7,1975,7
AL061975,UNNAMED,9,1975,7
AL071975,CAROLINE,33,1975,8
AL081975,DORIS,29,1975,8
AL091975,UNNAMED,24,1975,9
AL101975,UNNAMED,13,1975,9
AL111975,UNNAMED,6,1975,9
AL121975,UNNAMED,14,1975,9
AL131975,ELOISE,47,1975,9
AL141975,FAYE,46,1975,9
AL151975,GLADYS,46,1975,9
AL161975,UNNAMED,17,1975,9
AL171975,UNNAMED,9,1975,10
AL181975,UNNAMED,13,1975,10
AL191975,HALLIE,14,1975,10
AL201975,UNNAMED,10,1975,10
AL211975,UNNAMED,18,1975,11
AL221975,UNNAMED,9,1975,11
AL231975,UNNAMED,17,1975,12
AL011976,UNNAMED,18,1976,5
AL021976,UNNAMED,10,1976,6
AL031976,UNNAMED,6,1976,6
AL041976,UNNAMED,9,1976,7
AL051976,UNNAMED,6,1976,7
AL061976,ANNA,37,1976,7
AL071976,BELLE,18,1976,8
AL081976,DOTTIE,15,1976,8
AL091976,CANDICE,25,1976,8
AL101976,EMMY,62,1976,8
AL111976,FRANCES,45,1976,8
AL121976,UNNAMED,9,1976,9
AL131976,UNNAMED,9,1976,9
AL141976,UNNAMED,15,1976,9
AL151976,UNNAMED,29,1976,9
AL161976,UNNAMED,10,1976,9
AL171976,GLORIA,35,1976,9
AL181976,UNNAMED,9,1976,9
AL191976,UNNAMED,37,1976,10
AL201976,UNNAMED,13,1976,10
AL211976,HOLLY,26,1976,10
AL011977,UNNAMED,6,1977,6
AL021977,UNNAMED,6,1977,7
AL031977,UNNAMED,5,1977,7
AL041977,UNNAMED,13,1977,8
AL051977,ANITA,20,1977,8
AL061977,BABE,24,1977,9
AL071977,CLARA,27,1977,9
AL081977,UNNAMED,9,1977,9
AL091977,UNNAMED,5,1977,9
AL101977,DOROTHY,15,1977,9
AL111977,UNNAMED,9,1977,10
AL121977,UNNAMED,9,1977,10
AL131977,EVELYN,10,1977,10
AL141977,FRIEDA,10,1977,10
AL151977,UNNAMED,6,1977,10
AL011978,UNNAMED,19,1978,1
AL021978,UNNAMED,6,1978,6
AL031978,UNNAMED,9,1978,7
AL041978,AMELIA,6,1978,7
AL051978,BESS,13,1978,8
AL061978,CORA,19,1978,8
AL071978,UNNAMED,18,1978,8
AL081978,UNNAMED,6,1978,8
AL091978,DEBRA,14,1978,8
AL101978,ELLA,27,1978,8
AL111978,UNNAMED,9,1978,8
AL121978,UNNAMED,33,1978,9
AL131978,FLOSSIE,50,1978,9
AL141978,UNNAMED,10,1978,9
AL151978,HOPE,39,1978,9
AL161978,GRETA,26,1978,9
AL171978,UNNAMED,45,1978,9
AL181978,UNNAMED,9,1978,9
AL191978,IRMA,14,1978,10
AL201978,JULIET,16,1978,10
AL211978,UNNAMED,18,1978,10
AL221978,UNNAMED,13,1978,10
AL231978,KENDRA,24,1978,10
AL241978,UNNAMED,9,1978,11
AL011979,UNNAMED,22,1979,6
AL021979,ANA,19,1979,6
AL031979,UNNAMED,21,1979,7
AL041979,BOB,29,1979,7
AL051979,UNNAMED,14,1979,7
AL061979,CLAUDETTE,57,1979,7
AL071979,UNNAMED,14,1979,7
AL081979,UNNAMED,25,1979,7
AL091979,DAVID,55,1979,8
AL101979,UNNAMED,13,1979,8
AL111979,FREDERIC,68,1979,8
AL121979,ELENA,13,1979,8
AL131979,UNNAMED,21,1979,9
AL141979,GLORIA,44,1979,9
AL151979,HENRI,39,1979,9
AL161979,UNNAMED,21,1979,9
AL171979,UNNAMED,33,1979,10
AL181979,UNNAMED,9,1979,10
AL191979,UNNAMED,21,1979,10
AL201979,UNNAMED,11,1979,11
AL011980,UNNAMED,17,1980,7
AL021980,UNNAMED,17,1980,7
AL031980,UNNAMED,17,1980,7
AL041980,ALLEN,46,1980,7
AL051980,UNNAMED,17,1980,8
AL061980,BONNIE,24,1980,8
AL071980,CHARLEY,22,1980,8
AL081980,UNNAMED,17,1980,8
AL091980,GEORGES,32,1980,9
AL101980,EARL,27,1980,9
AL111980,DANIELLE,12,1980,9
AL121980,FRANCES,61,1980,9
AL131980,HERMINE,23,1980,9
AL141980,IVAN,45,1980,10
AL151980,UNNAMED,9,1980,10
AL161980,JEANNE,35,1980,11
AL171980,UNNAMED,25,1980,11
AL181980,KARL,13,1980,11
AL011981,UNNAMED,5,1981,4
AL021981,UNNAMED,10,1981,4
AL031981,ARLENE,11,1981,5
AL041981,UNNAMED,11,1981,6
AL051981,UNNAMED,7,1981,6
AL061981,BRET,9,1981,6
AL071981,UNNAMED,8,1981,7
AL081981,UNNAMED,7,1981,7
AL091981,CINDY,12,1981,8
AL101981,DENNIS,60,1981,8
AL111981,UNNAMED,19,1981,8
AL121981,UNNAMED,12,1981,8
AL131981,EMILY,47,1981,8
AL141981,FLOYD,37,1981,9
AL151981,GERT,36,1981,9
AL161981,HARVEY,34,1981,9
AL171981,UNNAMED,11,1981,9
AL181981,IRENE,48,1981,9
AL191981,UNNAMED,36,1981,9
AL201981,JOSE,15,1981,10
AL211981,KATRINA,20,1981,11
AL221981,UNNAMED,20,1981,11
AL011982,ALBERTO,17,1982,6
AL021982,UNNAMED,12,1982,6
AL031982,BERYL,37,1982,8
AL041982,UNNAMED,15,1982,9
AL051982,CHRIS,16,1982,9
AL061982,DEBBY,30,1982,9
AL071982,UNNAMED,15,1982,9
AL081982,ERNESTO,11,1982,9
AL011983,UNNAMED,22,1983,7
AL021983,UNNAMED,25,1983,7
AL031983,ALICIA,25,1983,8
AL041983,BARRY,26,1983,8
AL051983,CHANTAL,20,1983,9
AL061983,DEAN,17,1983,9
AL011984,UNNAMED,11,1984,6
AL021984,UNNAMED,8,1984,6
AL031984,UNNAMED,11,1984,7
AL041984,UNNAMED,10,1984,8
AL051984,UNNAMED,14,1984,8
AL061984,ARTHUR,33,1984,8
AL071984,BERTHA,22,1984,8
AL081984,CESAR,12,1984,8
AL091984,UNNAMED,8,1984,9
AL101984,DIANA,33,1984,9
AL111984,EDOUARD,7,1984,9
AL121984,FRAN,21,1984,9
AL131984,GUSTAV,11,1984,9
AL141984,HORTENSE,40,1984,9
AL151984,ISIDORE,25,1984,9
AL161984,JOSEPHINE,56,1984,10
AL171984,UNNAMED,12,1984,10
AL181984,KLAUS,33,1984,11
AL191984,UNNAMED,20,1984,11
AL201984,LILI,49,1984,12
AL011985,ANA,16,1985,7
AL021985,BOB,21,1985,7
AL031985,CLAUDETTE,30,1985,8
AL041985,DANNY,37,1985,8
AL051985,ELENA,33,1985,8
AL061985,UNNAMED,21,1985,9
AL071985,UNNAMED,10,1985,9
AL081985,FABIAN,16,1985,9
AL091985,GLORIA,65,1985,9
AL101985,HENRI,15,1985,9
AL111985,ISABEL,36,1985,10
AL121985,JUAN,29,1985,10
AL131985,KATE,34,1985,11
AL141985,UNNAMED,10,1985,12
AL011986,ANDREW,16,1986,6
AL021986,BONNIE,21,1986,6
AL031986,UNNAMED,21,1986,7
AL041986,UNNAMED,7,1986,8
AL051986,CHARLEY,68,1986,8
AL061986,UNNAMED,21,1986,8
AL071986,UNNAMED,13,1986,9
AL081986,DANIELLE,14,1986,9
AL091986,EARL,38,1986,9
AL101986,FRANCES,13,1986,11
AL011987,UNNAMED,31,1987,5
AL031987,UNNAMED,32,1987,8
AL021987,ARLENE,81,1987,8
AL041987,UNNAMED,11,1987,8
AL051987,BRET,26,1987,8
AL061987,UNNAMED,14,1987,8
AL071987,CINDY,22,1987,9
AL081987,UNNAMED,12,1987,9
AL091987,UNNAMED,7,1987,9
AL101987,DENNIS,49,1987,9
AL111987,UNNAMED,17,1987,9
AL121987,EMILY,30,1987,9
AL131987,FLOYD,21,1987,10
AL141987,UNNAMED,17,1987,10
AL011988,ALBERTO,13,1988,8
AL021988,BERYL,12,1988,8
AL031988,CHRIS,39,1988,8
AL041988,DEBBY,33,1988,8
AL051988,ERNESTO,9,1988,9
AL061988,UNNAMED,13,1988,9
AL071988,FLORENCE,20,1988,9
AL081988,GILBERT,49,1988,9
AL091988,HELENE,44,1988,9
AL101988,ISAAC,12,1988,9
AL111988,JOAN,53,1988,10
AL121988,KEITH,39,1988,11
AL131988,UNNAMED,9,1988,5
AL141988,UNNAMED,7,1988,8
AL151988,UNNAMED,45,1988,8
AL161988,UNNAMED,16,1988,8
AL171988,UNNAMED,2,1988,9
AL181988,UNNAMED,6,1988,9
AL191988,UNNAMED,9,1988,10
AL011989,UNNAMED,7,1989,6
AL021989,ALLISON,29,1989,6
AL031989,BARRY,18,1989,7
AL041989,CHANTAL,16,1989,7
AL051989,DEAN,38,1989,7
AL061989,UNNAMED,36,1989,8
AL071989,ERIN,37,1989,8
AL081989,FELIX,63,1989,8
AL091989,UNNAMED,6,1989,8
AL101989,GABRIELLE,58,1989,8
AL111989,HUGO,64,1989,9
AL121989,IRIS,21,1989,9
AL131989,UNNAMED,15,1989,10
AL141989,JERRY,20,1989,10
AL151989,KAREN,24,1989,11
AL011990,UNNAMED,7,1990,5
AL021990,ARTHUR,22,1990,7
AL031990,BERTHA,37,1990,7
AL041990,CESAR,31,1990,7
AL061990,EDOUARD,44,1990,8
AL051990,DIANA,25,1990,8
AL071990,FRAN,13,1990,8
AL081990,GUSTAV,41,1990,8
AL091990,HORTENSE,26,1990,8
AL101990,ISIDORE,55,1990,9
AL111990,UNNAMED,37,1990,9
AL121990,JOSEPHINE,62,1990,9
AL131990,KLAUS,25,1990,10
AL141990,LILI,38,1990,10
AL151990,MARCO,17,1990,10
AL161990,NANA,23,1990,10
AL011991,ANA,25,1991,6
AL021991,UNNAMED,6,1991,7
AL031991,BOB,55,1991,8
AL041991,UNNAMED,7,1991,8
AL051991,UNNAMED,13,1991,8
AL061991,CLAUDETTE,43,1991,9
AL071991,DANNY,19,1991,9
AL081991,ERIKA,18,1991,9
AL091991,FABIAN,11,1991,10
AL101991,UNNAMED,5,1991,10
AL111991,GRACE,18,1991,10
AL121991,UNNAMED,22,1991,10
AL011992,UNNAMED,14,1992,4
AL021992,UNNAMED,5,1992,6
AL031992,UNNAMED,8,1992,7
AL041992,ANDREW,52,1992,8
AL051992,BONNIE,61,1992,9
AL061992,CHARLEY,31,1992,9
AL071992,DANIELLE,18,1992,9
AL081992,UNNAMED,25,1992,9
AL091992,EARL,29,1992,9
AL101992,FRANCES,31,1992,10
AL011993,UNNAMED,11,1993,5
AL021993,ARLENE,15,1993,6
AL031993,BRET,33,1993,8
AL041993,CINDY,12,1993,8
AL051993,EMILY,61,1993,8
AL061993,DENNIS,21,1993,8
AL071993,FLOYD,23,1993,9
AL081993,GERT,30,1993,9
AL091993,HARVEY,13,1993,9
AL101993,UNNAMED,5,1993,9
AL011994,ALBERTO,32,1994,6
AL021994,UNNAMED,6,1994,7
AL031994,BERYL,20,1994,8
AL041994,CHRIS,30,1994,8
AL051994,UNNAMED,9,1994,8
AL061994,DEBBY,8,1994,9
AL071994,ERNESTO,18,1994,9
AL081994,UNNAMED,10,1994,9
AL091994,UNNAMED,7,1994,9
AL101994,UNNAMED,7,1994,9
AL111994,FLORENCE,28,1994,11
AL121994,GORDON,59,1994,11
AL011995,ALLISON,35,1995,6
AL021995,BARRY,24,1995,7
AL031995,CHANTAL,41,1995,7
AL041995,DEAN,22,1995,7
AL051995,ERIN,30,1995,7
AL061995,UNNAMED,9,1995,8
AL071995,FELIX,69,1995,8
AL081995,GABRIELLE,11,1995,8
AL091995,HUMBERTO,41,1995,8
AL101995,IRIS,66,1995,8
AL111995,JERRY,22,1995,8
AL121995,KAREN,31,1995,8
AL131995,LUIS,66,1995,8
AL141995,UNNAMED,17,1995,9
AL151995,MARILYN,79,1995,9
AL161995,NOEL,45,1995,9
AL171995,OPAL,39,1995,9
AL181995,PABLO,16,1995,10
AL191995,ROXANNE,56,1995,10
AL201995,SEBASTIEN,19,1995,10
AL211995,TANYA,29,1995,10
AL011996,ARTHUR,22,1996,6
AL021996,BERTHA,51,1996,7
AL031996,CESAR,18,1996,7
AL041996,DOLLY,25,1996,8
AL051996,EDOUARD,73,1996,8
AL061996,FRAN,72,1996,8
AL071996,GUSTAV,29,1996,8
AL081996,HORTENSE,53,1996,9
AL091996,ISIDORE,33,1996,9
AL101996,JOSEPHINE,47,1996,10
AL111996,KYLE,7,1996,10
AL121996,LILI,60,1996,10
AL131996,MARCO,54,1996,11
AL011997,UNNAMED,9,1997,5
AL021997,ANA,19,1997,6
AL031997,BILL,10,1997,7
AL041997,CLAUDETTE,16,1997,7
AL051997,DANNY,47,1997,7
AL061997,UNNAMED,8,1997,7
AL071997,ERIKA,67,1997,9
AL081997,FABIAN,17,1997,10
AL091997,GRACE,13,1997,10
AL011998,ALEX,26,1998,7
AL021998,BONNIE,49,1998,8
AL031998,CHARLEY,13,1998,8
AL041998,DANIELLE,61,1998,8
AL051998,EARL,33,1998,8
AL061998,FRANCES,21,1998,9
AL071998,GEORGES,71,1998,9
AL081998,HERMINE,15,1998,9
AL091998,IVAN,36,1998,9
AL101998,JEANNE,54,1998,9
AL111998,KARL,26,1998,9
AL121998,LISA,21,1998,10
AL131998,MITCH,78,1998,10
AL141998,NICOLE,35,1998,11
AL011999,ARLENE,26,1999,6
AL021999,UNNAMED,4,1999,7
AL031999,BRET,26,1999,8
AL041999,CINDY,51,1999,8
AL051999,DENNIS,66,1999,8
AL061999,EMILY,18,1999,8
AL071999,UNNAMED,8,1999,9
AL081999,FLOYD,50,1999,9
AL091999,GERT,49,1999,9
AL101999,HARVEY,14,1999,9
AL111999,UNNAMED,10,1999,10
AL121999,UNNAMED,12,1999,10
AL131999,IRENE,34,1999,10
AL141999,JOSE,34,1999,10
AL151999,KATRINA,16,1999,10
AL161999,LENNY,39,1999,11
AL012000,UNNAMED,4,2000,6
AL022000,UNNAMED,12,2000,6
AL032000,ALBERTO,87,2000,8
AL042000,UNNAMED,13,2000,8
AL052000,BERYL,9,2000,8
AL062000,CHRIS,9,2000,8
AL072000,DEBBY,23,2000,8
AL082000,ERNESTO,10,2000,9
AL092000,UNNAMED,6,2000,9
AL102000,FLORENCE,29,2000,9
AL112000,GORDON,29,2000,9
AL122000,HELENE,42,2000,9
AL132000,ISAAC,52,2000,9
AL142000,JOYCE,28,2000,9
AL152000,KEITH,35,2000,9
AL162000,LESLIE,26,2000,10
AL172000,MICHAEL,22,2000,10
AL182000,NADINE,13,2000,10
AL192000,UNNAMED,20,2000,10
AL012001,ALLISON,57,2001,6
AL022001,UNNAMED,5,2001,7
AL032001,BARRY,25,2001,8
AL042001,CHANTAL,33,2001,8
AL052001,DEAN,29,2001,8
AL062001,ERIN,62,2001,9
AL072001,FELIX,46,2001,9
AL082001,GABRIELLE,41,2001,9
AL092001,UNNAMED,4,2001,9
AL102001,HUMBERTO,26,2001,9
AL112001,IRIS,22,2001,10
AL122001,JERRY,10,2001,10
AL132001,KAREN,19,2001,10
AL142001,LORENZO,16,2001,10
AL152001,MICHELLE,35,2001,10
AL162001,NOEL,12,2001,11
AL172001,OLGA,47,2001,11
AL012002,ARTHUR,20,2002,7
AL022002,BERTHA,23,2002,8
AL032002,CRISTOBAL,13,2002,8
AL042002,DOLLY,26,2002,8
AL052002,EDOUARD,21,2002,9
AL062002,FAY,23,2002,9
AL072002,UNNAMED,5,2002,9
AL082002,GUSTAV,30,2002,9
AL092002,HANNA,17,2002,9
AL102002,ISIDORE,55,2002,9
AL112002,JOSEPHINE,9,2002,9
AL122002,KYLE,90,2002,9
AL132002,LILI,57,2002,9
AL142002,UNNAMED,11,2002,10
AL012003,ANA,39,2003,4
AL022003,UNNAMED,4,2003,6
AL032003,BILL,21,2003,6
AL042003,CLAUDETTE,45,2003,7
AL052003,DANNY,44,2003,7
AL062003,UNNAMED,8,2003,7
AL072003,UNNAMED,7,2003,7
AL082003,ERIKA,11,2003,8
AL092003,UNNAMED,4,2003,8
AL102003,FABIAN,53,2003,8
AL112003,GRACE,13,2003,8
AL122003,HENRI,22,2003,9
AL132003,ISABEL,58,2003,9
AL142003,UNNAMED,10,2003,9
AL152003,JUAN,22,2003,9
AL162003,KATE,58,2003,9
AL172003,LARRY,42,2003,9
AL182003,MINDY,14,2003,10
AL192003,NICHOLAS,80,2003,10
AL202003,ODETTE,23,2003,12
AL212003,PETER,15,2003,12
AL012004,ALEX,25,2004,7
AL022004,BONNIE,44,2004,8
AL032004,CHARLEY,30,2004,8
AL042004,DANIELLE,46,2004,8
AL052004,EARL,9,2004,8
AL062004,FRANCES,75,2004,8
AL072004,GASTON,28,2004,8
AL082004,HERMINE,16,2004,8
AL092004,IVAN,94,2004,9
AL102004,UNNAMED,13,2004,9
AL112004,JEANNE,69,2004,9
AL122004,KARL,48,2004,9
AL132004,LISA,55,2004,9
AL142004,MATTHEW,13,2004,10
AL152004,NICOLE,8,2004,10
AL162004,OTTO,39,2004,11
AL012005,ARLENE,26,2005,6
AL022005,BRET,7,2005,6
AL032005,CINDY,34,2005,7
AL042005,DENNIS,59,2005,7
AL052005,EMILY,45,2005,7
AL062005,FRANKLIN,38,2005,7
AL072005,GERT,9,2005,7
AL082005,HARVEY,46,2005,8
AL092005,IRENE,56,2005,8
AL102005,TEN,21,2005,8
AL112005,JOSE,6,2005,8
AL122005,KATRINA,34,2005,8
AL132005,LEE,26,2005,8
AL142005,MARIA,51,2005,9
AL152005,NATE,29,2005,9
AL162005,OPHELIA,69,2005,9
AL172005,PHILIPPE,28,2005,9
AL182005,RITA,36,2005,9
AL192005,NINETEEN,9,2005,9
AL202005,STAN,17,2005,10
AL212005,UNNAMED,7,2005,10
AL222005,TAMMY,9,2005,10
AL232005,TWENTY-TWO,27,2005,10
AL242005,VINCE,15,2005,10
AL252005,WILMA,48,2005,10
AL262005,ALPHA,11,2005,10
AL272005,BETA,18,2005,10
AL282005,GAMMA,33,2005,11
AL292005,DELTA,42,2005,11
AL302005,EPSILON,43,2005,11
AL312005,ZETA,36,2005,12
AL012006,ALBERTO,38,2006,6
AL022006,UNNAMED,13,2006,7
AL032006,BERYL,18,2006,7
AL042006,CHRIS,23,2006,8
AL052006,DEBBY,26,2006,8
AL062006,ERNESTO,47,2006,8
AL072006,FLORENCE,62,2006,9
AL082006,GORDON,57,2006,9
AL092006,HELENE,62,2006,9
AL102006,ISAAC,24,2006,9
AL012007,ANDREA,31,2007,5
AL022007,BARRY,24,2007,5
AL032007,CHANTAL,23,2007,7
AL042007,DEAN,42,2007,8
AL052007,ERIN,21,2007,8
AL062007,FELIX,28,2007,8
AL072007,GABRIELLE,15,2007,9
AL082007,INGRID,26,2007,9
AL092007,HUMBERTO,11,2007,9
AL102007,TEN,4,2007,9
AL112007,JERRY,8,2007,9
AL122007,KAREN,19,2007,9
AL132007,LORENZO,14,2007,9
AL142007,MELISSA,31,2007,9
AL152007,FIFTEEN,26,2007,10
AL162007,NOEL,56,2007,10
AL172007,OLGA,25,2007,12
AL012008,ARTHUR,10,2008,5
AL022008,BERTHA,74,2008,7
AL032008,CRISTOBAL,18,2008,7
AL042008,DOLLY,31,2008,7
AL052008,EDOUARD,14,2008,8
AL062008,FAY,60,2008,8
AL072008,GUSTAV,50,2008,8
AL082008,HANNA,49,2008,8
AL092008,IKE,62,2008,9
AL102008,JOSEPHINE,33,2008,9
AL112008,KYLE,23,2008,9
AL122008,LAURA,34,2008,9
AL132008,MARCO,8,2008,10
AL142008,NANA,14,2008,10
AL152008,OMAR,32,2008,10
AL162008,SIXTEEN,8,2008,10
AL172008,PALOMA,36,2008,11
AL012009,ONE,15,2009,5
AL022009,ANA,26,2009,8
AL032009,BILL,46,2009,8
AL042009,CLAUDETTE,8,2009,8
AL052009,DANNY,12,2009,8
AL062009,ERIKA,12,2009,9
AL072009,FRED,48,2009,9
AL082009,EIGHT,7,2009,9
AL092009,GRACE,37,2009,9
AL102009,HENRI,23,2009,10
AL112009,IDA,31,2009,11
AL012010,ALEX,32,2010,6
AL022010,TWO,13,2010,7
AL032010,BONNIE,18,2010,7
AL042010,COLIN,25,2010,8
AL052010,FIVE,32,2010,8
AL062010,DANIELLE,51,2010,8
AL072010,EARL,55,2010,8
AL082010,FIONA,24,2010,8
AL092010,GASTON,30,2010,9
AL102010,HERMINE,23,2010,9
AL112010,IGOR,61,2010,9
AL122010,JULIA,51,2010,9
AL132010,KARL,22,2010,9
AL142010,LISA,38,2010,9
AL152010,MATTHEW,16,2010,9
AL162010,NICOLE,12,2010,9
AL172010,OTTO,47,2010,10
AL182010,PAULA,21,2010,10
AL192010,RICHARD,29,2010,10
AL202010,SHARY,9,2010,10
AL212010,TOMAS,54,2010,10
AL012011,ARLENE,13,2011,6
AL022011,BRET,29,2011,7
AL032011,CINDY,13,2011,7
AL042011,DON,14,2011,7
AL052011,EMILY,24,2011,8
AL062011,FRANKLIN,15,2011,8
AL072011,GERT,19,2011,8
AL082011,HARVEY,17,2011,8
AL092011,IRENE,43,2011,8
AL102011,TEN,9,2011,8
AL112011,JOSE,13,2011,8
AL122011,KATIA,64,2011,8
AL202011,UNNAMED,14,2011,8
AL132011,LEE,22,2011,9
AL142011,MARIA,42,2011,9
AL152011,NATE,23,2011,9
AL162011,OPHELIA,59,2011,9
AL172011,PHILIPPE,65,2011,9
AL182011,RINA,31,2011,10
AL192011,SEAN,28,2011,11
AL012012,ALBERTO,20,2012,5
AL022012,BERYL,33,2012,5
AL032012,CHRIS,31,2012,6
AL042012,DEBBY,18,2012,6
AL052012,ERNESTO,39,2012,8
AL062012,FLORENCE,21,2012,8
AL072012,HELENE,38,2012,8
AL082012,GORDON,26,2012,8
AL092012,ISAAC,51,2012,8
AL102012,JOYCE,12,2012,8
AL112012,KIRK,22,2012,8
AL122012,LESLIE,60,2012,8
AL132012,MICHAEL,42,2012,9
AL142012,NADINE,96,2012,9
AL152012,OSCAR,13,2012,10
AL162012,PATTY,11,2012,10
AL172012,RAFAEL,56,2012,10
AL182012,SANDY,45,2012,10
AL192012,TONY,20,2012,10
AL012013,ANDREA,14,2013,6
AL022013,BARRY,23,2013,6
AL032013,CHANTAL,13,2013,7
AL042013,DORIAN,51,2013,7
AL052013,ERIN,20,2013,8
AL062013,FERNAND,7,2013,8
AL072013,GABRIELLE,36,2013,9
AL082013,EIGHT,4,2013,9
AL092013,HUMBERTO,46,2013,9
AL102013,INGRID,22,2013,9
AL112013,JERRY,33,2013,9
AL122013,KAREN,14,2013,10
AL132013,LORENZO,21,2013,10
AL142013,MELISSA,26,2013,11
AL152013,UNNAMED,16,2013,12
AL012014,ARTHUR,47,2014,6
AL022014,TWO,17,2014,7
AL032014,BERTHA,47,2014,7
AL042014,CRISTOBAL,39,2014,8
AL052014,DOLLY,13,2014,9
AL062014,EDOUARD,47,2014,9
AL072014,FAY,14,2014,10
AL082014,GONZALO,39,2014,10
AL092014,HANNA,37,2014,10
AL012015,ANA,28,2015,5
AL022015,BILL,22,2015,6
AL032015,CLAUDETTE,15,2015,7
AL042015,DANNY,31,2015,8
AL052015,ERIKA,16,2015,8
AL062015,FRED,31,2015,8
AL072015,GRACE,17,2015,9
AL082015,HENRI,13,2015,9
AL092015,NINE,19,2015,9
AL102015,IDA,51,2015,9
AL112015,JOAQUIN,76,2015,9
AL122015,KATE,20,2015,11
AL012016,ALEX,42,2016,1
AL022016,BONNIE,56,2016,5
AL032016,COLIN,15,2016,6
AL042016,DANIELLE,12,2016,6
AL052016,EARL,20,2016,8
AL062016,FIONA,31,2016,8
AL072016,GASTON,53,2016,8
AL082016,EIGHT,21,2016,8
AL092016,HERMINE,47,2016,8
AL102016,IAN,21,2016,9
AL112016,JULIA,33,2016,9
AL122016,KARL,54,2016,9
AL132016,LISA,30,2016,9
AL142016,MATTHEW,50,2016,9
AL152016,NICOLE,63,2016,10
AL162016,OTTO,38,2016,11
AL012017,ARLENE,27,2017,4
AL022017,BRET,9,2017,6
AL032017,CINDY,20,2017,6
AL042017,FOUR,9,2017,7
AL052017,DON,7,2017,7
AL062017,EMILY,11,2017,7
AL072017,FRANKLIN,18,2017,8
AL082017,GERT,28,2017,8
AL092017,HARVEY,74,2017,8
AL112017,IRMA,66,2017,8
AL122017,JOSE,85,2017,9
AL132017,KATIA,18,2017,9
AL142017,LEE,63,2017,9
AL152017,MARIA,68,2017,9
AL162017,NATE,32,2017,10
AL172017,OPHELIA,47,2017,10
AL182017,PHILIPPE,7,2017,10
AL192017,RINA,21,2017,11
AL012018,ALBERTO,26,2018,5
AL022018,BERYL,52,2018,7
AL032018,CHRIS,50,2018,7
AL042018,DEBBY,32,2018,8
AL052018,ERNESTO,18,2018,8
AL062018,FLORENCE,79,2018,8
AL072018,GORDON,25,2018,9
AL082018,HELENE,42,2018,9
AL092018,ISAAC,31,2018,9
AL102018,JOYCE,39,2018,9
AL112018,ELEVEN,5,2018,9
AL122018,KIRK,28,2018,9
AL132018,LESLIE,89,2018,9
AL142018,MICHAEL,38,2018,10
AL152018,NADINE,18,2018,10
AL162018,OSCAR,36,2018,10
AL012019,ANDREA,7,2019,5
AL022019,BARRY,25,2019,7
AL032019,THREE,5,2019,7
AL042019,CHANTAL,25,2019,8
AL052019,DORIAN,70,2019,8
AL062019,ERIN,14,2019,8
AL072019,FERNAND,9,2019,9
AL082019,GABRIELLE,35,2019,9
AL092019,HUMBERTO,34,2019,9
AL102019,JERRY,45,2019,9
AL112019,IMELDA,9,2019,9
AL122019,KAREN,25,2019,9
AL132019,LORENZO,48,2019,9
AL142019,MELISSA,25,2019,10
AL152019,FIFTEEN,13,2019,10
AL162019,NESTOR,15,2019,10
AL172019,OLGA,10,2019,10
AL182019,PABLO,22,2019,10
AL192019,REBEKAH,23,2019,10
AL202019,SEBASTIEN,34,2019,11
